-- phpMyAdmin SQL Dump
-- version 4.5.1
-- http://www.phpmyadmin.net
--
-- Host: 127.0.0.1
-- Generation Time: 2016-06-14 05:58:55
-- 服务器版本： 5.7.11-log
-- PHP Version: 5.6.21

SET SQL_MODE = "NO_AUTO_VALUE_ON_ZERO";
SET time_zone = "+00:00";


/*!40101 SET @OLD_CHARACTER_SET_CLIENT=@@CHARACTER_SET_CLIENT */;
/*!40101 SET @OLD_CHARACTER_SET_RESULTS=@@CHARACTER_SET_RESULTS */;
/*!40101 SET @OLD_COLLATION_CONNECTION=@@COLLATION_CONNECTION */;
/*!40101 SET NAMES utf8mb4 */;

--
-- Database: `payment`
--

-- --------------------------------------------------------

--
-- 表的结构 `admin`
--

CREATE TABLE `admin` (
  `admin_name` varchar(20) CHARACTER SET utf8 COLLATE utf8_bin NOT NULL,
  `password` varchar(100) NOT NULL
) ENGINE=InnoDB DEFAULT CHARSET=utf8;

--
-- 转存表中的数据 `admin`
--

INSERT INTO `admin` (`admin_name`, `password`) VALUES
('Pt', 'aassdd123456');

-- --------------------------------------------------------

--
-- 表的结构 `class`
--

CREATE TABLE `class` (
  `flight_number` char(6) NOT NULL,
  `classrate` varchar(3) NOT NULL,
  `class_price` int(6) NOT NULL,
  `cavailable` int(6) DEFAULT NULL,
  `ctotal` int(6) DEFAULT NULL,
  `discount` char(1) DEFAULT 'N'
) ENGINE=InnoDB DEFAULT CHARSET=utf8;

--
-- 转存表中的数据 `class`
--

INSERT INTO `class` (`flight_number`, `classrate`, `class_price`, `cavailable`, `ctotal`, `discount`) VALUES
('3U8751', '头等舱', 2260, 2, 20, 'N'),
('3U8770', '头等舱', 2220, 8, 120, 'N'),
('3U8770', '经济舱', 740, 20, 120, 'N'),
('3U8877', '头等舱', 3290, 20, 20, 'N'),
('3U8877', '经济舱', 1520, 98, 120, 'N'),
('3U8879', '730', 730, 65, 120, 'N'),
('3U8879', '头等舱', 3660, 7, 20, 'N'),
('3U8880', '头等舱', 2380, 2, 20, 'N'),
('3U8880', '经济舱', 820, 31, 120, 'N'),
('3U8920', '头等舱', 2540, 20, 20, 'N'),
('3U8920', '经济舱', 1180, 120, 120, 'N'),
('3U8923', '头等舱', 2450, 3, 20, 'N'),
('3U8923', '经济舱', 1140, 4, 120, 'N'),
('3U8961', '头等舱', 2290, 20, 20, 'N'),
('3U8961', '经济舱', 1060, 37, 120, 'N'),
('3U8966', '头等舱', 2290, 0, 20, 'N'),
('3U8966', '经济舱', 860, 9, 120, 'Y'),
('3U8994', '头等舱', 2120, 2, 20, 'N'),
('3U8994', '经济舱', 1140, 110, 120, 'N'),
('AQ1039', '经济舱', 780, 89, 120, 'N'),
('AQ1040', '经济舱', 680, 4, 120, 'N'),
('AQ1098', '经济舱', 1070, 100, 160, 'N'),
('CA1203', '经济舱', 820, 129, 160, 'N'),
('CA1216', '经济舱', 830, 66, 120, 'N'),
('CA1355', '头等舱', 2350, 20, 20, 'N'),
('CA1355', '经济舱', 1760, 108, 120, 'N'),
('CA1426', '头等舱', 1690, 3, 20, 'N'),
('CA1426', '经济舱', 1350, 108, 120, 'N'),
('CA1504', '头等舱', 2220, 20, 20, 'N'),
('CA1504', '经济舱', 530, 100, 120, 'Y'),
('CA1566', '头等舱', 2050, 20, 20, 'N'),
('CA1566', '经济舱', 740, 120, 120, 'N'),
('CA1701', '头等舱', 2050, 18, 20, 'N'),
('CA1701', '经济舱', 740, 20, 120, 'N'),
('CA1819', '经济舱', 1570, 36, 160, 'N'),
('CA1886', '头等舱', 2230, 4, 20, 'N'),
('CA1886', '经济舱', 870, 14, 120, 'N'),
('CA1974', '头等舱', 1930, 4, 20, 'N'),
('CA1974', '经济舱', 880, 74, 120, 'N'),
('CA3454', '头等舱', 8000, 2, 20, 'N'),
('CA3454', '经济舱', 1920, 38, 120, 'N'),
('CA3578', '头等舱', 3480, 3, 20, 'N'),
('CA3578', '经济舱', 1310, 12, 120, 'N'),
('CA4177', '头等舱', 2780, 20, 20, 'N'),
('CA4177', '经济舱', 1770, 100, 120, 'N'),
('CA4519', '头等舱', 2870, 18, 20, 'N'),
('CA4519', '经济舱', 1010, 96, 120, 'N'),
('CA4536', '头等舱', 1580, 0, 20, 'N'),
('CA4536', '经济舱', 1230, 100, 120, 'N'),
('CZ3120', '商务舱', 6580, 20, 20, 'N'),
('CZ3120', '头等舱', 1650, 100, 120, 'N'),
('CZ3173', '商务舱', 5100, 20, 20, 'N'),
('CZ3173', '经济舱', 820, 37, 120, 'N'),
('CZ3174', '商务舱', 5100, 20, 20, 'N'),
('CZ3174', '经济舱', 540, 69, 120, 'N'),
('CZ3335', '商务舱', 1780, 8, 20, 'Y'),
('CZ3335', '经济舱', 630, 95, 120, 'N'),
('CZ3515', '商务舱', 4030, 7, 20, 'N'),
('CZ3515', '经济舱', 880, 2, 120, 'N'),
('CZ3744', '商务舱', 4670, 7, 20, 'N'),
('CZ3744', '经济舱', 1420, 12, 120, 'N'),
('CZ6120', '头等舱', 6760, 4, 20, 'N'),
('CZ6120', '经济舱', 1350, 93, 120, 'N'),
('CZ6157', '商务舱', 6850, 20, 20, 'N'),
('CZ6157', '经济舱', 890, 111, 120, 'N'),
('CZ6189', '头等舱', 3880, 20, 20, 'N'),
('CZ6189', '经济舱', 1160, 59, 120, 'N'),
('CZ6190', '头等舱', 3880, 8, 20, 'N'),
('CZ6190', '经济舱', 970, 108, 120, 'N'),
('CZ6202', '经济舱', 870, 110, 120, 'N'),
('CZ6665', '商务舱', 3220, 7, 20, 'N'),
('CZ6665', '经济舱', 810, 98, 120, 'N'),
('CZ6666', '商务舱', 3220, 7, 20, 'N'),
('CZ6666', '经济舱', 1130, 75, 120, 'N'),
('CZ6765', '商务舱', 4030, 6, 20, 'N'),
('CZ6765', '经济舱', 880, 5, 120, 'N'),
('CZ6947', '商务舱', 5100, 20, 20, 'N'),
('CZ6947', '经济舱', 450, 115, 120, 'N'),
('CZ9101', '740', 740, 99, 120, 'N'),
('EU2209', '经济舱', 930, 84, 120, 'N'),
('EU2741', '经济舱', 590, 6, 120, 'N'),
('FM9108', '头等舱', 1850, 20, 20, 'N'),
('FM9108', '经济舱', 620, 100, 120, 'N'),
('FM9182', '头等舱', 1950, 2, 20, 'N'),
('FM9269', '头等舱', 1850, 2, 20, 'N'),
('FM9269', '经济舱', 1140, 116, 120, 'N'),
('FM9529', '头等舱', 1740, 4, 20, 'N'),
('FM9529', '经济舱', 1050, 6, 120, 'N'),
('GJ8697', '经济舱', 700, 62, 120, 'N'),
('GJ8698', '经济舱', 450, 19, 120, 'N'),
('GJ8723', '经济舱', 2230, 6, 120, 'N'),
('GJ8753', '经济舱', 1320, 5, 160, 'N'),
('GJ8847', '经济舱', 1010, 12, 120, 'N'),
('GJ8859', '经济舱', 700, 94, 120, 'N'),
('GJ8860', '经济舱', 450, 31, 120, 'N'),
('GS6575', '经济舱', 920, 45, 120, 'N'),
('GS6576', '经济舱', 820, 120, 120, 'N'),
('GS7612', '经济舱', 920, 3, 120, 'N'),
('HO1012', '头等舱', 1990, 4, 20, 'N'),
('HO1012', '经济舱', 1450, 62, 120, 'N'),
('HO1179', '头等舱', 4160, 7, 20, 'N'),
('HO1179', '经济舱', 1180, 92, 120, 'N'),
('HO1220', '头等舱', 4170, 8, 20, 'N'),
('HO1220', '经济舱', 560, 96, 120, 'N'),
('HO1251', '头等舱', 1360, 0, 20, 'N'),
('HO1251', '经济舱', 740, 0, 120, 'N'),
('HO1685', '头等舱', 940, 6, 20, 'N'),
('HO1685', '经济舱', 590, 13, 120, 'N'),
('HO1686', '头等舱', 3540, 8, 20, 'N'),
('HO1686', '经济舱', 590, 15, 120, 'N'),
('HU7028', '商务舱', 3220, 5, 20, 'N'),
('HU7028', '经济舱', 1370, 119, 120, 'N'),
('HU7061', '商务舱', 3220, 8, 120, 'N'),
('HU7061', '经济舱', 810, 104, 120, 'N'),
('HU7062', '经济舱', 1210, 8, 120, 'N'),
('HU7085', '商务舱', 4700, 6, 20, 'N'),
('HU7085', '经济舱', 1480, 4, 120, 'N'),
('HU7086', '商务舱', 2260, 2, 20, 'N'),
('HU7127', '经济舱', 870, 145, 160, 'N'),
('HU7210', '头等舱', 1940, 20, 20, 'N'),
('HU7210', '经济舱', 870, 20, 120, 'N'),
('HU7347', '头等舱', 5070, 20, 20, 'N'),
('HU7347', '经济舱', 1010, 2, 120, 'N'),
('HU7605', '头等舱', 1360, 8, 20, 'N'),
('HU7605', '经济舱', 680, 0, 120, 'N'),
('HU7609', '头等舱', 1360, 20, 20, 'N'),
('HU7609', '经济舱', 620, 110, 120, 'N'),
('HU7610', '头等舱', 1240, 20, 20, 'N'),
('HU7610', '经济舱', 740, 12, 120, 'N'),
('HU7640', '头等舱', 2360, 20, 20, 'N'),
('HU7640', '经济舱', 590, 31, 120, 'N'),
('HU7645', '商务舱', 2780, 8, 20, 'N'),
('HU7645', '经济舱', 560, 34, 120, 'N'),
('HU7681', '商务舱', 6350, 5, 120, 'N'),
('HU7681', '经济舱', 590, 1, 120, 'N'),
('HU7738', '头等舱', 1850, 6, 20, 'N'),
('HU7738', '经济舱', 830, 12, 120, 'N'),
('HU7781', '商务舱', 6350, 6, 20, 'N'),
('HU7781', '经济舱', 590, 67, 120, 'N'),
('HU7845', '商务舱', 2780, 9, 20, 'N'),
('HU7845', '经济舱', 560, 38, 120, 'N'),
('HU7846', '商务舱', 2780, 6, 20, 'N'),
('HU7846', '经济舱', 830, 22, 120, 'N'),
('HU7855', '头等舱', 1330, 8, 20, 'N'),
('HU7855', '经济舱', 740, 36, 120, 'N'),
('JD5111', '经济舱', 820, 63, 120, 'N'),
('JD5302', '经济舱', 700, 78, 120, 'N'),
('JD5351', '经济舱', 800, 59, 120, 'N'),
('KN5988', '经济舱', 990, 20, 120, 'N'),
('MF1020', '经济舱', 1420, 100, 120, 'N'),
('MF1863', '经济舱', 990, 120, 120, 'N'),
('MF8021', '商务舱', 4030, 3, 20, 'N'),
('MF8021', '经济舱', 1130, 9, 120, 'N'),
('MF8221', '商务舱', 2950, 8, 20, 'N'),
('MF8221', '经济舱', 710, 16, 120, 'N'),
('MU2163', '头等舱', 2060, 1, 20, 'N'),
('MU2163', '经济舱', 790, 94, 120, 'N'),
('MU2287', '头等舱', 2060, 2, 20, 'N'),
('MU2287', '经济舱', 790, 34, 120, 'N'),
('MU2296', '头等舱', 2220, 5, 20, 'N'),
('MU2296', '经济舱', 730, 39, 120, 'N'),
('MU2344', '头等舱', 2220, 8, 20, 'N'),
('MU2344', '经济舱', 670, 44, 120, 'N'),
('MU2387', '头等舱', 3540, 6, 20, 'N'),
('MU2387', '经济舱', 590, 95, 120, 'N'),
('MU2802', '头等舱', 5550, 20, 20, 'N'),
('MU2802', '经济舱', 1670, 110, 120, 'N'),
('MU2811', '头等舱', 5550, 20, 20, 'N'),
('MU2811', '经济舱', 1300, 108, 120, 'N'),
('MU2816', '头等舱', 2000, 3, 20, 'N'),
('MU2816', '经济舱', 1220, 9, 120, 'N'),
('MU2852', '头等舱', 2070, 0, 20, 'N'),
('MU2852', '经济舱', 1390, 69, 120, 'N'),
('MU2880', '商务舱', 2930, 2, 20, 'N'),
('MU2880', '经济舱', 980, 108, 120, 'N'),
('MU2896', '头等舱', 3540, 4, 20, 'N'),
('MU2896', '经济舱', 470, 62, 120, 'N'),
('MU3578', '经济舱', 1520, 110, 120, 'N'),
('MU4134', '经济舱', 770, 95, 120, 'N'),
('MU4498', '经济舱', 1350, 15, 120, 'N'),
('MU5131', '头等舱', 5580, 20, 20, 'N'),
('MU5131', '经济舱', 560, 100, 120, 'N'),
('MU5197', '头等舱', 3270, 5, 20, 'N'),
('MU5197', '经济舱', 870, 12, 120, 'N'),
('MU5499', '头等舱', 1520, 3, 20, 'N'),
('MU5499', '经济舱', 1100, 39, 120, 'N'),
('MU9107', '商务舱', 3100, 2, 20, 'N'),
('MU9107', '头等舱', 3840, 3, 20, 'N'),
('MU9107', '经济舱', 910, 64, 120, 'N'),
('MU9529', '商务舱', 3330, 2, 20, 'N'),
('MU9529', '经济舱', 1050, 6, 120, 'N'),
('SC4502', '经济舱', 1010, 69, 120, 'N'),
('TV9802', '头等舱', 5070, 20, 20, 'N'),
('TV9802', '经济舱', 1010, 108, 120, 'N'),
('TV9839', '头等舱', 1960, 3, 20, 'N'),
('TV9839', '经济舱', 1220, 3, 120, 'N'),
('TV9840', '头等舱', 2450, 2, 20, 'N'),
('TV9840', '经济舱', 1060, 110, 120, 'N'),
('TV9865', '经济舱', 1140, 7, 120, 'N'),
('TV9881', '头等舱', 2110, 3, 20, 'N'),
('TV9881', '经济舱', 1320, 6, 120, 'N'),
('Y87507', '商务舱', 4160, 7, 20, 'N'),
('Y87507', '经济舱', 1160, 78, 120, 'N'),
('ZH1203', '头等舱', 6370, 20, 20, 'N'),
('ZH1203', '经济舱', 1090, 84, 120, 'N'),
('ZH1504', '头等舱', 5340, 6, 20, 'N'),
('ZH1504', '经济舱', 1070, 110, 120, 'N'),
('ZH1565', '头等舱', 5580, 20, 20, 'N'),
('ZH1565', '经济舱', 1120, 12, 120, 'N'),
('ZH1886', '头等舱', 3840, 19, 20, 'N'),
('ZH1886', '经济舱', 930, 42, 120, 'N'),
('ZH4177', '头等舱', 6250, 20, 120, 'N'),
('ZH4177', '经济舱', 1750, 12, 120, 'N'),
('ZH9418', '头等舱', 3480, 18, 20, 'N'),
('ZH9418', '经济舱', 1220, 30, 120, 'N'),
('ZH9434', '头等舱', 7660, 2, 20, 'N'),
('ZH9434', '经济舱', 1670, 29, 120, 'N'),
('ZZ9999', '头等舱', 350, NULL, NULL, 'N'),
('ZZ9999', '经济舱', 110, NULL, NULL, 'N');

-- --------------------------------------------------------

--
-- 表的结构 `comments`
--

CREATE TABLE `comments` (
  `hotel_name` varchar(20) NOT NULL,
  `comment` varchar(200) NOT NULL,
  `username` varchar(10) NOT NULL
) ENGINE=InnoDB DEFAULT CHARSET=utf8;

--
-- 转存表中的数据 `comments`
--

INSERT INTO `comments` (`hotel_name`, `comment`, `username`) VALUES
('上海万和亚隆国际酒店', '现在酒店还有机场巴士，价格还挺便宜的，车提前预订，准时把我们送到了机场。最主要的是里面有免费WIFI ，还可以手机充电，巴士环境还不错。而且前台的服务态度都挺好的。', '用户11111'),
('上海万和亚隆国际酒店', '酒店位置好找，离展会近，一整栋楼，大厅高大上。房间里挺干净，只是建设年代稍微有点长了。整体挺棒。带早餐。', '用户22222'),
('上海世博展览馆万信酒店', '为了看演唱会，卫生好也安静，房间很大，可以住3人，但是就我1人！', '用户22342'),
('上海世博展览馆万信酒店', '作为一位入住～～～酒店的顾客，我用亲身经历发自内心的觉得，～～～酒店环境整洁，房间布局堪称完美，优雅又不失情调，服务周到，让人无比舒心。给我营造了一种家的感觉，无论大处到小处都是那么无懈可击，价格也很合理。', '用户10086'),
('上海中福大酒店', '还不错吧 就是旧了点', '用户11111'),
('上海中福大酒店', '还可以，比较靠近地铁口。南京外滩了。', '用户12555'),
('上海中福大酒店', '酒店的地理位置很好房间偏小卫生很干净', '用户10086'),
('北京亚奥国际酒店', '性价比很高的酒店，以前的劳动大厦，装修现代风格，交通方便，下高速500米就到，服务很好，早餐挺丰盛，口味也好。房间暖和，有空调，床品羽绒的，很舒服。卫生间稍显局促，浴房好小。同样价格大床房比双床房设施要好一些。', '用户85214'),
('北京亚奥国际酒店', '春节期间以特惠价入住的商务间。酒店环境蛮不错的，房间及设施也很好。酒店位置就在15号地铁线出入口对面，在北京期间旅游都是坐地铁出入，酒店门口就是机场巴士站，非常方便。酒店的自助早餐很丰富。总体来讲这次入住非常不错的。', '用户00544'),
('北京机场快捷酒店', '服务热情；房间有线电视，无线网络；很干净；价格合理；转机方便！有免费的班车接送', '用户31564'),
('北京机场快捷酒店', '酒店还可以 是帮朋友订的 位置还可以 反正有车接送 下次考虑再来这里 希望卫生能改进其实很多人对宾馆要求没有很高 不过卫生是第一位的 再加上微笑服务就能给人一种温馨的感觉了，照片朋友这次没拍 下次拍了再来上传', '用户00034'),
('北京贝尔特酒店', '很不错。还会还在去。很多外国人在', '用户42368'),
('北京贝尔特酒店', '很不错的宾馆，环境，服务没得说，离地铁站挺近的，出行很方便！', '用户96578'),
('南京世纪缘酒店', '房间比较大 干净整洁 装修时尚 住店安全 值得推荐', '用户93687'),
('南京世纪缘酒店', '还不错，就是没有停车位，停车位很紧张', '用户85524'),
('南京新纪元大酒店', '没有想到一楼的简餐很棒的 三天分别点了 酸菜鱼饭 龙虾饭 韩式拌饭 都很喜欢', '用户22222'),
('南京新纪元大酒店', '酒店交通比较便利，离新街口商区15分钟路程，周围环境还算比较安静，但不偏僻，住的主楼还不错，坐电梯都要刷房卡的磁条，房间设施基本都齐全。早餐很丰盛，大人和小孩吃的都很开心，服务不错，小孩入住还有专门的小拖鞋。', '用户51973'),
('南京金陵饭店', '被免费升级到行政大床房，超开心^_^服务棒棒哒，内部装修五星级里相对比较朴素，但是配套设施却很用心，大床超级舒服，下次来肯定还是选择金陵～', '用户12578'),
('南京金陵饭店', '酒店位置超赞，服务非常热情，让人心情愉悦，安全性有保障。作为这个地段，价格也不贵。满分赞', '用户31564'),
('哈尔滨伯爵大酒店', '酒店不错，这次超级满意，早餐环境特别好，说说房间里，特别好，不大不小，一进去有音乐，硬件软件都棒棒的，服务员态度也特别好，笑嘻嘻，下次还得来', '用户18888'),
('哈尔滨伯爵大酒店', '酒店的装修非常有特点，大堂的设计很有艺术气息，酒店的长廊也很有感觉，餐厅很好，菜品多，服务人员的态度真心好！', '用户00954'),
('哈尔滨曼哈顿大酒店', '酒店位于中央大街商圏，房间望出去就是圣·索菲亚教堂，离松花江畔步行15分钟路程，购物出行都很方便。房间不算大，但设备设施还比较新；自助早餐环境宽敞，选择丰富，出品不错；酒店服务态度很好，配套设施较好，有恒温泳池和免费网络，值得推荐。', '用户12222'),
('哈尔滨曼哈顿大酒店', '酒店的位置真不错，在索菲亚大教堂旁边，从窗户向外可以完整欣赏到教堂的风景和哈尔滨市繁华的夜景。交通便利，周边购物、饮食场所众多。酒店的自助早餐不错，服务员态度很好，卫生打扫得很及时。总之，酒店值得推荐，以后再来哈尔滨还会选择曼哈顿', '用户00954'),
('哈尔滨百祥宾馆', '入住这家酒店真是明智之举 离中央大街 和 教堂仅几步之遥 周边的车站非常多 房间内的设施一应俱全 自动窗帘 声控的卫生间灯 每天有三瓶免费矿泉水（这不是哪家酒店都有的）床上用品靠枕 抱枕 一应具全 （这也不是哪家酒店都有这么多的）被子盖在身上特别舒服', '用户10086'),
('哈尔滨百祥宾馆', '酒店位置很好，中央大街边上，去江边和教堂都很近。设施很新，电动窗帘，USB口充电。房间入住时有小插曲，好在客服及时处理，酒店经理服务态度也很诚恳，顺利解决。希望酒店能加强预定管理，减少同类事件的发生。', '用户00954'),
('成都凯宾酒店', '很方便，就停车要收费！房间很干净，服务也好！', '用户12809'),
('成都凯宾酒店', '酒店位置较好，对面有家乐福超市、美食城、KFC、万达影城等购物中心。酒店房间空间较大，住的比较舒适。卫生间备品有待提高。距离武侯祠及锦里打车10元左右，入住推荐，价格适中。', '用户52780'),
('成都森楠艺术酒店', '酒店不错 设备齐全 吹风机 冰箱 保险柜 都有 大立柜 有冰箱很意外 地理为位置很方便 不错的一次旅途居住地', '用户26879'),
('成都森楠艺术酒店', '酒店位于太升路通讯一条街 比较繁华 离春熙路步行10分钟 非常方便', '用户31571'),
('成都艺锦酒店', '出行之前在网上定的，到了直接办手续，酒店很值得推荐。位置很好，离地铁站很近，停车方便，房间干净、整洁，很有家的味道！网上说的没有免费热水，我还以为没有热水壶呢，还专门从家里带了热水壶过来。前台服务好，颜值高，下次还来！', '用户00954'),
('成都艺锦酒店', '酒店位于水碾河路口，停车方便。前台接待服务不错，我订单下错到6月15号，我是3月15日入住，到了酒店才知道定错了，前台也给我热情办理。房间干净，四星的档次，卫生间洗发水沐浴露用的是力士；大堂有书吧，定了两晚，好在追加好评。', '用户22565'),
('杭州丽正门大酒店', '特别好，地理位置也很不错', '用户12222'),
('杭州丽正门大酒店', '酒店环境不错，地理位置也挺好', '用户22342'),
('杭州吴山品悦豪华精选酒店', '很好的体验。首先，交通很方便，无论是打车还是公交，下楼就是。离西湖直线距离900米；其次，房间设施很好，简约，但无论是床品还是卫生间五金件或者冰箱、保险箱，都不亚于同档次五星级酒店。酒店有免费地下停车场，停车很方便，这是我最终选择这家酒店的直接原因。推荐。下次去杭州还会住这里。', '用户18888'),
('杭州吴山品悦豪华精选酒店', '酒店地理位置真心好，市中心，每天晚上我们路步行去吃晚饭，银泰离得很近，四五百米的样子，跟着百度地图走就行，新白鹿，绿茶，外婆家应有尽有.酒店有武警把守，每天送水果，牛奶，畅饮吧，早餐非常好.下次还来！楼下丝绸之都听同学说丝绸都不错，买了三件睡衣.', '用户69887'),
('杭州新延安饭店', '市中心，绝对推荐，价格实惠，服务好', '用户22565'),
('杭州新延安饭店', '稍微贵了一点点，不过胜在位置好', '用户31564'),
('杭州新延安饭店', '给的是六楼的商务双床房，整体感觉不错，入住很顺利，方便，离西湖和地铁站也比较近，周边吃的很多，房间比较安静，整体性价比较高。', '用户18888'),
('海南鑫源温泉大酒店', '地理位置挺好，就是硬件设施旧了些', '用户51973'),
('海南鑫源温泉大酒店', '连住了两晚，不错的一家酒店，住得也都是很好很舒服的！干净，服务态度好。交通方便，就在机场巴士对面！不错 ！呵呵！24楼的餐厅还是不错的，值得一试！ 酒店的亮点不就是温泉和位置吗？房间有浴桶和一次性塑料罩子，每晚一泡，睡得很不错，水洗着是滑的，应该是真温泉吧。离望海国际商场也很近，对面马路就是了。商场里面的6楼餐厅很多，很时尚。', '用户12578'),
('海口希尔顿酒店', '\r\n\r\n商务出差\r\n\r\nMr.Zhang\r\n\r\n\r\n2016-06-01 18:04:10来自手机APP \r\n\r\n非常高大上，干净，整洁，海景房风景很不错\r\n', '用户18888'),
('海口希尔顿酒店', '服务很好，装修档次差，工艺劣。', '用户12578'),
('海口蓝庭城市度假酒店', '主题房间风格很喜欢，从房间望出去视野很好。房间卫生干净，淋浴的花洒挺大的，洗澡很舒服。房间有个位置在市中心很好找，去吃饭逛街都方便。wifi也顺畅，大堂装修很特色。前台姑娘服务也很好，总的来说性价比还是挺高的', '用户22565'),
('海口蓝庭城市度假酒店', '酒店设施设备很齐全，服务态度很好，有餐厅可以跟朋友一起喝茶聊天，是个不错的选择，房间还有一个独特的阳台，很宽敞，可以晾衣服，Wi-Fi也好，大堂很好看。', '用户12578'),
('西安古都新世界大酒店', '很有历史的一个老酒店，酒店大厅装饰的很有古城特色，硬件设施不错，服务也很好，就是装修旧了点。', '用户22342'),
('西安古都新世界大酒店', '物超所值。我在艺龙订过几次房间，这间是唯一一次没有因为价格折扣而房间服务折扣的酒店。出门公交方便。', '用户18888'),
('西安柠檬酒店', '前台小姑娘太好了……服务啊！', '色狼1号'),
('西安柠檬酒店', '前台态度很好，声音好听……走进房间，比之前住的宾馆要大，设施还是卫生也都很不错，价格也不贵，值得入住', '色狼2号'),
('西安皇城豪门酒店', '已经住进来了，据说离回民街很近，带着孩子来的，个人感觉亲子项目有点少，房间卫生间太小', '用户12809'),
('西安皇城豪门酒店', '很不错的酒店哦！价格也还行就是不含早餐！吃里面的自助餐价格有点高哦！早餐118，中晚餐198.边上有个西安饭庄很有名哦，菜也很不错！北方的菜量很足！', '用户00954');

-- --------------------------------------------------------

--
-- 表的结构 `flight`
--

CREATE TABLE `flight` (
  `flight_number` char(6) NOT NULL,
  `company` varchar(6) NOT NULL,
  `flight_price` int(5) NOT NULL,
  `start_time` varchar(100) NOT NULL,
  `arrive_time` varchar(100) NOT NULL,
  `straight` char(1) DEFAULT 'Y',
  `flight_from` varchar(5) NOT NULL,
  `flight_to` varchar(5) NOT NULL
) ENGINE=InnoDB DEFAULT CHARSET=utf8;

--
-- 转存表中的数据 `flight`
--

INSERT INTO `flight` (`flight_number`, `company`, `flight_price`, `start_time`, `arrive_time`, `straight`, `flight_from`, `flight_to`) VALUES
('3U8571', '四川航空', 1740, '2016-06-05 08:26:00', '2016-06-05 10:42:00', 'Y', '成都', '海口'),
('3U8770', '四川航空', 740, '2016-06-05 21:46:00', '2016-06-05 23:23:00', 'Y', '西安', '成都'),
('3U8877', '四川航空', 1520, '2016-06-05 06:40:00', '2016-06-05 12:55:00', 'N', '成都', '哈尔滨'),
('3U8879', '四川航空', 730, '2016-06-05 14:25:00', '2016-06-05 19:25:00', 'N', '西安', '海口'),
('3U8880', '四川航空', 820, '2016-06-05 20:10:00', '2016-06-06 00:48:00', 'N', '海口', '西安'),
('3U8920', '四川航空', 1180, '2016-06-05 23:00:00', '2016-06-06 01:50:00', 'Y', '杭州', '成都'),
('3U8923', '四川航空', 1140, '2016-06-05 08:21:00', '2016-06-05 10:44:00', 'Y', '成都', '南京'),
('3U8961', '四川航空', 1060, '2016-06-05 07:47:00', '2016-06-05 10:35:00', 'Y', '成都', '上海'),
('3U8966', '四川航空', 1060, '2016-06-05 19:20:00', '2016-06-05 22:40:00', 'Y', '上海', '成都'),
('3U8994', '四川航空', 1140, '2016-06-05 21:20:00', '2016-06-06 00:25:00', 'Y', '南京', '成都'),
('AQ1039', '九元航空', 780, '2016-06-05 11:00:00', '2016-06-05 13:55:00', 'N', '海口', '南京'),
('AQ1040', '九元航空', 680, '2016-06-05 18:00:00', '2016-06-05 21:00:00', 'Y', '南京', '海口'),
('AQ1098', '九元航空', 1070, '2016-06-05 15:25:00', '2016-06-05 18:40:00', 'Y', '南京', '哈尔滨'),
('CA1203', '中国国航', 820, '2016-06-05 06:53:00', '2016-06-05 08:52:00', 'Y', '北京', '西安'),
('CA1216', '中国国航', 830, '2016-06-05 08:30:00', '2016-06-05 11:15:00', 'Y', '上海', '西安'),
('CA1355', '中国国航', 1760, '2016-06-05 13:40:00', '2016-06-05 18:25:00', 'Y', '北京', '海口'),
('CA1426', '中国国航', 1350, '2016-06-05 21:00:00', '2016-06-05 23:00:55', 'Y', '成都', '北京'),
('CA1504', '中国国航', 830, '2016-06-05 20:25:00', '2016-06-05 22:35:00', 'Y', '南京', '北京'),
('CA1566', '中国国航', 740, '2016-06-05 22:00:00', '2016-06-06 00:16:00', 'N', '杭州', '北京'),
('CA1701', '中国国航', 740, '2016-06-05 07:20:00', '2016-06-05 09:35:00', 'N', '杭州', '北京'),
('CA1819', '中国国航', 1570, '2016-06-05 20:40:00', '2016-06-05 22:25:00', 'Y', '北京', '南京'),
('CA1886', '中国国航', 870, '2016-06-05 21:55:00', '2016-06-06 00:10:00', 'Y', '上海', '北京'),
('CA1974', '中国国航', 880, '2016-06-05 19:13:00', '2016-06-05 22:00:00', 'Y', '海口', '上海'),
('CA3454', '中国国航', 1920, '2016-06-05 16:25:00', '2016-06-05 22:45:00', 'N', '海口', '北京'),
('CA3578', '中国国航', 1310, '2016-06-05 18:00:00', '2016-06-05 20:40:00', 'Y', '南京', '哈尔滨'),
('CA4177', '中国国航', 1770, '2016-06-05 06:40:00', '2016-06-05 10:40:00', 'Y', '成都', '哈尔滨'),
('CA4519', '中国国航', 1010, '2016-06-05 07:06:00', '2016-06-05 09:55:00', 'Y', '成都', '杭州'),
('CA4536', '中国国航', 1230, '2016-06-05 21:00:00', '2016-06-06 00:25:00', 'N', '上海', '成都'),
('CZ3120', '南方航空', 1650, '2016-06-05 13:00:00', '2016-06-05 17:25:00', 'N', '北京', '海口'),
('CZ3173', '南方航空', 820, '2016-06-05 06:55:00', '2016-06-05 09:07:00', 'Y', '北京', '西安'),
('CZ3174', '南方航空', 540, '2016-06-05 10:10:00', '2016-06-05 12:05:00', 'Y', '西安', '北京'),
('CZ3335', '南方航空', 630, '2016-06-05 07:15:00', '2016-06-05 09:54:00', 'Y', '海口', '西安'),
('CZ3515', '南方航空', 880, '2016-06-05 08:23:00', '2016-06-05 11:07:00', 'Y', '海口', '上海'),
('CZ3744', '南方航空', 1420, '2016-06-05 21:40:00', '2016-06-05 23:45:00', 'Y', '杭州', '哈尔滨'),
('CZ6120', '南方航空', 1350, '2016-06-05 08:10:00', '2016-06-05 10:55:00', 'Y', '成都', '北京'),
('CZ6157', '南方航空', 890, '2016-06-05 19:32:00', '2016-06-05 23:00:00', 'Y', '海口', '北京'),
('CZ6189', '南方航空', 1160, '2016-06-05 10:00:00', '2016-06-05 12:55:00', 'N', '南京', '海口'),
('CZ6190', '南方航空', 970, '2016-06-05 13:55:00', '2016-06-05 16:55:00', 'N', '海口', '南京'),
('CZ6202', '南方航空', 870, '2016-06-05 22:20:00', '2016-06-06 00:20:00', 'N', '北京', '哈尔滨'),
('CZ6665', '南方航空', 810, '2016-06-05 08:30:00', '2016-06-05 11:05:00', 'Y', '海口', '杭州'),
('CZ6666', '南方航空', 1130, '2016-06-05 20:36:00', '2016-06-05 23:09:00', 'Y', '杭州', '海口'),
('CZ6765', '南方航空', 880, '2016-06-05 18:06:00', '2016-06-05 20:53:00', 'Y', '海口', '上海'),
('CZ6947', '南方航空', 450, '2016-06-05 21:15:00', '2016-06-05 23:15:00', 'Y', '西安', '北京'),
('CZ9101', '南方航空', 740, '2016-06-05 22:00:00', '2016-06-05 23:54:00', 'Y', '成都', '西安'),
('EU2209', '成都航空', 930, '2016-06-05 07:00:00', '2016-06-05 09:41:00', 'Y', '成都', '杭州'),
('EU2741', '成都航空', 590, '2016-06-05 06:40:00', '2016-06-05 08:07:00', 'Y', '成都', '西安'),
('FM9108', '上海航空', 620, '2016-06-05 07:29:00', '2016-06-05 09:40:00', 'Y', '北京', '上海'),
('FM9182', '上海航空', 1950, '2016-06-05 18:45:00', '2016-06-05 21:00:00', 'Y', '北京', '杭州'),
('FM9269', '上海航空', 1140, '2016-06-05 09:23:00', '2016-06-05 13:45:00', 'N', '上海', '海口'),
('FM9529', '上海航空', 1050, '2016-06-05 09:24:00', '2016-06-05 13:43:00', 'N', '上海', '海口'),
('GJ8697', '长龙航空', 700, '2016-06-05 19:08:00', '2016-06-05 21:21:00', 'Y', '杭州', '西安'),
('GJ8698', '长龙航空', 450, '2016-06-05 22:40:00', '2016-06-06 00:56:00', 'Y', '西安', '杭州'),
('GJ8723', '长龙航空', 2230, '2016-06-05 06:25:00', '2016-06-05 10:20:00', 'N', '杭州', '哈尔滨'),
('GJ8753', '长龙航空', 1320, '2016-06-05 09:40:00', '2016-06-05 14:20:00', 'N', '杭州', '哈尔滨'),
('GJ8847', '长龙航空', 1010, '2016-06-05 20:25:00', '2016-06-06 01:35:00', 'N', '杭州', '成都'),
('GJ8859', '长龙航空', 700, '2016-06-05 15:08:00', '2016-06-05 18:46:00', 'Y', '杭州', '西安'),
('GJ8860', '长龙航空', 450, '2016-06-05 19:49:00', '2016-06-05 23:36:00', 'Y', '西安', '杭州'),
('GS6575', '天津航空', 920, '2016-06-05 12:52:00', '2016-06-05 16:45:00', 'N', '海口', '西安'),
('GS6576', '天津航空', 820, '2016-06-05 07:00:00', '2016-06-05 11:55:00', 'Y', '西安', '海口'),
('GS7612', '天津航空', 920, '2016-06-05 07:45:00', '2016-06-05 12:00:00', 'Y', '海口', '西安'),
('HO1012', '吉祥航空', 1450, '2016-06-05 14:00:00', '2016-06-05 17:00:00', 'Y', '上海', '成都'),
('HO1179', '吉祥航空', 1180, '2016-06-05 08:38:00', '2016-06-05 11:20:00', 'Y', '上海', '成都'),
('HO1220', '吉祥航空', 560, '2016-06-05 22:00:00', '2016-06-06 00:20:00', 'Y', '西安', '上海'),
('HO1251', '吉祥航空', 740, '2016-06-05 22:00:00', '2016-06-06 00:20:00', 'Y', '上海', '北京'),
('HO1685', '吉祥航空', 590, '2016-06-05 17:00:00', '2016-06-05 21:00:00', 'Y', '南京', '西安'),
('HO1686', '吉祥航空', 590, '2016-06-05 22:50:00', '2016-06-06 00:48:00', 'Y', '成都', '南京'),
('HU7028', '海南航空', 1370, '2016-06-05 15:10:00', '2016-06-05 17:45:00', 'Y', '杭州', '海口'),
('HU7061', '海南航空', 810, '2016-06-05 07:55:00', '2016-06-05 10:30:00', 'Y', '海口', '杭州'),
('HU7062', '海南航空', 1210, '2016-06-05 11:40:00', '2016-06-05 14:15:00', 'Y', '杭州', '海口'),
('HU7085', '海南航空', 1480, '2016-06-05 08:12:00', '2016-06-05 10:36:00', 'Y', '海口', '成都'),
('HU7086', '海南航空', 2260, '2016-06-05 15:49:00', '2016-06-05 18:14:00', 'Y', '成都', '海口'),
('HU7127', '海南航空', 870, '2016-06-05 19:20:00', '2016-06-05 21:25:00', 'N', '北京', '哈尔滨'),
('HU7210', '海南航空', 870, '2016-06-05 21:00:00', '2016-06-06 00:08:00', 'Y', '南京', '海口'),
('HU7347', '海南航空', 1010, '2016-06-05 20:25:00', '2016-06-05 23:35:00', 'Y', '北京', '成都'),
('HU7605', '海南航空', 680, '2016-06-05 00:08:15', '2016-06-05 00:10:25', 'Y', '北京', '上海'),
('HU7609', '海南航空', 620, '2016-06-05 06:29:00', '2016-06-05 08:53:00', 'Y', '北京', '上海'),
('HU7610', '海南航空', 740, '2016-06-05 22:25:00', '2016-06-06 00:55:00', 'N', '上海', '北京'),
('HU7640', '海南航空', 590, '2016-06-05 18:54:00', '2016-06-05 20:55:00', 'Y', '南京', '西安'),
('HU7645', '海南航空', 560, '2016-06-05 16:26:00', '2016-06-06 18:40:00', 'Y', '西安', '上海'),
('HU7681', '海南航空', 590, '2016-06-05 17:00:00', '2016-06-05 22:21:00', 'N', '海口', '北京'),
('HU7738', '海南航空', 830, '2016-06-05 22:07:00', '2016-06-05 23:56:00', 'Y', '西安', '北京'),
('HU7781', '海南航空', 590, '2016-06-05 20:12:00', '2016-06-05 23:50:00', 'Y', '海口', '北京'),
('HU7845', '海南航空', 560, '2016-06-05 09:30:00', '2016-06-05 11:41:00', 'Y', '西安', '上海'),
('HU7846', '海南航空', 830, '2016-06-05 12:47:00', '2016-06-05 15:25:00', 'Y', '上海', '西安'),
('HU7855', '海南航空', 740, '2016-06-05 15:13:00', '2016-06-05 16:55:00', 'Y', '西安', '成都'),
('JD5111', '首都航空', 820, '2016-06-05 07:12:00', '2016-06-05 10:10:00', 'Y', '西安', '海口'),
('JD5302', '首都航空', 700, '2016-06-05 18:54:00', '2016-06-05 21:19:00', 'Y', '杭州', '西安'),
('JD5351', '首都航空', 800, '2016-06-05 19:29:00', '2016-06-05 21:40:00', 'Y', '北京', '杭州'),
('KN5988', '中国联航', 990, '2016-06-05 06:40:00', '2016-06-05 08:35:00', 'N', '上海', '北京'),
('MF1020', '厦门航空', 1420, '2016-06-05 13:00:00', '2016-06-05 17:40:00', 'Y', '北京', '海口'),
('MF1863', '厦门航空', 990, '2016-06-05 13:55:00', '2016-06-05 16:55:00', 'Y', '海口', '南京'),
('MF8021', '厦门航空', 1130, '2016-06-05 11:05:00', '2016-06-05 13:40:00', 'Y', '海口', '杭州'),
('MF8221', '厦门航空', 710, '2016-06-05 16:56:00', '2016-06-05 19:00:00', 'Y', '南京', '西安'),
('MU2163', '东方航空', 790, '2016-06-05 17:15:00', '2016-06-05 20:10:00', 'N', '西安', '哈尔滨'),
('MU2287', '东方航空', 790, '2016-06-05 08:45:00', '2016-06-05 13:10:00', 'N', '西安', '哈尔滨'),
('MU2296', '东方航空', 730, '2016-06-05 21:53:00', '2016-06-05 23:24:00', 'Y', '西安', '成都'),
('MU2344', '东方航空', 670, '2016-06-05 22:52:00', '2016-06-06 00:20:00', 'Y', '成都', '西安'),
('MU2387', '东方航空', 590, '2016-06-05 07:55:00', '2016-06-05 09:55:00', 'Y', '西安', '南京'),
('MU2802', '东方航空', 1670, '2016-06-05 08:00:00', '2016-06-05 10:25:00', 'Y', '北京', '南京'),
('MU2811', '东方航空', 1300, '2016-06-05 08:20:00', '2016-06-05 10:25:00', 'Y', '南京', '北京'),
('MU2816', '东方航空', 1220, '2016-06-05 18:00:00', '2016-06-05 20:37:00', 'Y', '成都', '南京'),
('MU2852', '东方航空', 1390, '2016-06-05 23:20:00', '2016-06-06 01:26:00', 'Y', '北京', '南京'),
('MU2880', '东方航空', 980, '2016-06-05 21:00:00', '2016-06-05 23:40:00', 'Y', '南京', '成都'),
('MU2896', '东方航空', 470, '2016-06-05 23:30:00', '2016-06-06 01:25:00', 'Y', '西安', '南京'),
('MU3578', '东方航空', 1520, '2016-06-05 21:30:00', '2016-06-06 00:10:00', 'Y', '成都', '北京'),
('MU4134', '东方航空', 770, '2016-06-05 21:37:00', '2016-06-05 23:43:00', 'Y', '西安', '杭州'),
('MU4498', '东方航空', 1350, '2016-06-05 23:00:00', '2016-06-06 02:00:00', 'Y', '杭州', '成都'),
('MU5131', '东方航空', 560, '2016-06-05 07:00:00', '2016-06-05 09:25:00', 'N', '杭州', '北京'),
('MU5197', '东方航空', 870, '2016-06-05 19:40:00', '2016-06-05 21:55:00', 'N', '北京', '哈尔滨'),
('MU5499', '东方航空', 1100, '2016-06-05 09:10:00', '2016-06-05 11:50:00', 'Y', '成都', '杭州'),
('MU9107', '东方航空', 910, '2016-06-05 21:35:00', '2016-06-05 23:55:00', 'Y', '上海', '北京'),
('MU9529', '东方航空', 1050, '2016-06-05 09:26:00', '2016-06-05 13:44:00', 'N', '上海', '海口'),
('SC4502', '山东航空', 1010, '2016-06-05 20:20:00', '2016-06-05 23:35:00', 'N', '上海', '成都'),
('TV9802', '西藏航空', 1010, '2016-06-05 21:25:00', '2016-06-06 00:35:00', 'Y', '北京', '成都'),
('TV9839', '西藏航空', 1220, '2016-06-05 06:31:00', '2016-06-05 09:06:00', 'Y', '成都', '南京'),
('TV9840', '西藏航空', 1060, '2016-06-05 20:00:00', '2016-06-05 22:55:00', 'Y', '南京', '成都'),
('TV9865', '西藏航空', 1140, '2016-06-05 12:42:00', '2016-06-05 15:23:00', 'Y', '成都', '上海'),
('TV9881', '西藏航空', 1230, '2016-06-05 10:45:00', '2016-06-05 13:30:00', 'Y', '成都', '上海'),
('Y87507', '扬子江航空', 1160, '2016-06-05 06:48:00', '2016-06-05 09:47:00', 'Y', '上海', '成都'),
('ZH1203', '深圳航空', 1090, '2016-06-05 06:51:00', '2016-06-05 08:53:00', 'Y', '北京', '西安'),
('ZH1504', '深圳航空', 1070, '2016-06-05 20:40:00', '2016-06-05 22:35:00', 'Y', '南京', '北京'),
('ZH1565', '深圳航空', 1120, '2016-06-05 06:40:00', '2016-06-05 08:55:00', 'Y', '北京', '杭州'),
('ZH1886', '深圳航空', 930, '2016-06-05 21:56:00', '2016-06-06 00:08:00', 'Y', '上海', '北京'),
('ZH4177', '深圳航空', 1750, '2016-06-05 06:40:00', '2016-06-05 09:40:00', 'Y', '成都', '哈尔滨'),
('ZH9418', '深圳航空', 1220, '2016-06-05 18:00:00', '2016-06-05 20:40:00', 'Y', '南京', '哈尔滨'),
('ZH9434', '深圳航空', 1670, '2016-06-05 16:25:00', '2016-06-05 22:45:00', 'N', '海口', '哈尔滨'),
('ZZ9999', '测试航空', 110, '2016-06-11 15:20:00', '2016-06-11 15:20:00', 'Y', '杭州', '杭州');

-- --------------------------------------------------------

--
-- 表的结构 `hotel`
--

CREATE TABLE `hotel` (
  `h_id` int(11) NOT NULL,
  `hotel_name` varchar(20) NOT NULL,
  `add_province` varchar(5) NOT NULL,
  `add_city` varchar(5) NOT NULL,
  `add_block` varchar(5) NOT NULL,
  `add_street` varchar(10) NOT NULL,
  `star` char(1) NOT NULL,
  `hotel_price` int(6) NOT NULL,
  `heat` decimal(2,1) NOT NULL,
  `score` decimal(2,1) NOT NULL,
  `reviewer` int(6) NOT NULL,
  `picsmall` varchar(50) NOT NULL,
  `picbig` varchar(50) NOT NULL,
  `logitude` float NOT NULL,
  `latitude` float NOT NULL
) ENGINE=InnoDB DEFAULT CHARSET=utf8;

--
-- 转存表中的数据 `hotel`
--

INSERT INTO `hotel` (`h_id`, `hotel_name`, `add_province`, `add_city`, `add_block`, `add_street`, `star`, `hotel_price`, `heat`, `score`, `reviewer`, `picsmall`, `picbig`, `logitude`, `latitude`) VALUES
(1, '上海万和亚隆国际酒店', '上海', '上海', '浦东新区', '崮山路', '3', 338, '3.5', '4.8', 14025, 'hotel/shwhylgjjd_picsmall.jpg', 'hotel/shwhylgjjd_picbig.jpg', 121.566, 31.2461),
(2, '上海世博展览馆万信酒店', '上海', '上海', '浦东新区', '高科西路', '3', 350, '3.5', '4.8', 2292, 'hotel/shsbzlgwxjd_picsmall.jpg', 'hotel/shsbzlgwxjd_picsbig.jpg', 121.511, 31.1901),
(3, '上海中福大酒店', '上海', '上海', '黄浦区', '九江路', '2', 471, '2.5', '4.7', 10398, 'hotel/shzfdjd_picsmall.jpg', 'hotel/shzfdjd_picbig.jpg', 121.485, 31.2401),
(4, '北京亚奥国际酒店', '北京', '北京', '朝阳区', '大屯路', '4', 296, '4.0', '4.6', 8245, 'hotel/bjyagjjd_picsmall.jpg', 'hotel/bjyagjjd_picbig.jpg', 116.378, 40.0072),
(5, '北京机场快捷酒店', '北京', '北京', '首都机场', '四纬路', '2', 109, '2.5', '4.6', 1874, 'hotel/bjjckjjd_picsmall.jpg', 'hotel/bjjckjjd_picbig.jpg', 116.622, 40.0587),
(6, '北京贝尔特酒店', '北京', '北京', '东城区', '外大街', '2', 504, '3.5', '4.4', 3041, 'hotel/bjbetjd_picsmall.jpg', 'hotel/bjbetjd_picbig.jpg', 116.424, 39.9053),
(7, '南京世纪缘酒店', '江苏', '南京', '火车站地区', '阳光路', '3', 426, '3.5', '4.7', 90, 'hotel/njsjyjd_picsmall.jpg', 'hotel/njsjyjd_picbig.jpg', 118.821, 32.0718),
(8, '南京新纪元大酒店', '江苏', '南京', '鼓楼区', '中山路', '4', 318, '4.0', '4.8', 6463, 'hotel/njxjydjd_picsmall.jpg', 'hotel/njxjydjd_picbig.jpg', 118.79, 32.06),
(9, '南京金陵饭店', '江苏', '南京', '鼓楼区', '汉中路', '5', 599, '5.0', '4.5', 11198, 'hotel/njjlfd_picsmall.jpg', 'hotel/njjlfd_picbig.jpg', 118.789, 32.0488),
(10, '哈尔滨伯爵大酒店', '黑龙江', '哈尔滨', '教堂区', '买卖街', '3', 349, '4.5', '5.0', 151, 'hotel/hebbjdjd_picsmall.jpg', 'hotel/hebbjdjd_picbig.jpg', 126.639, 45.7729),
(11, '哈尔滨曼哈顿大酒店', '黑龙江', '哈尔滨', '道里区', '兆麟街', '2', 210, '3.5', '4.8', 3570, 'hotel/hebmhddjd_picsmall.jpg', 'hotel/hebmhddjd_picbig.jpg', 126.633, 45.7751),
(12, '哈尔滨百祥宾馆', '黑龙江', '哈尔滨', '道里区', '西六道街', '2', 274, '2.5', '4.8', 137, 'hotel/hebbxbg_picsmall.jpg', 'hotel/hebbxbg_picbig.jpg', 126.628, 45.7803),
(13, '成都凯宾酒店', '四川', '成都', '武侯区', '佳灵路', '2', 168, '4.8', '4.8', 1969, 'hotel/cdkbjd_picsmall.jpg', 'hotel/cdkbjd_picbig.jpg', 104.035, 30.6405),
(14, '成都森楠艺术酒店', '四川', '成都', '', '太升南路', '2', 199, '3.5', '4.7', 3110, 'hotel/cdsnysjd_picsmall.jpg', 'hotel/cdsnysjd_picbig.jpg', 104.083, 30.6688),
(15, '成都艺锦酒店', '四川', '成都', '锦江区', '水碾河路', '2', 199, '3.5', '5.0', 480, 'hotel/cdyjjd_picsmall.jpg', 'hotel/cdyjjd_picbig.jpg', 104.102, 104.102),
(16, '杭州丽正门大酒店', '浙江', '杭州', '上城区', '十五奎巷', '2', 292, '2.5', '4.8', 4302, 'hotel/hzlzmdjd_picsmall.jpg', 'hotel/hzlzmdjd_picbig.jpg', 120.169, 30.2739),
(17, '杭州吴山品悦豪华精选酒店', '浙江', '杭州', '西湖区', '劳动路', '4', 523, '4.5', '5.0', 1897, 'hotel/hzwspyhhjxjd_picsmall.jpg', 'hotel/hzwspyhhjxjd_picbig.jpg', 120.169, 30.2463),
(18, '杭州新延安饭店', '浙江', '杭州', '下城区', '延安路', '2', 308, '2.5', '4.8', 17820, 'hotel/hzxyafd_picsmall.jpg', 'hotel/hzxyafd_picbig.jpg', 120.169, 30.2735),
(19, '海南鑫源温泉大酒店', '海南', '海口', '市中心', '海秀东路', '4', 242, '4.0', '5.0', 1534, 'hotel/hnxywqdjd_picsmall.jpg', 'hotel/hnxywqdjd_picbig.jpg', 110.347, 20.0338),
(20, '海口希尔顿酒店', '海南', '海口', '国贸区', '滨海大道', '5', 857, '4.5', '4.8', 89, 'hotel/hkxedjd_picsmall.jpg', 'hotel/hkxedjd_picbig.jpg', 110.312, 20.03),
(21, '海口蓝庭城市度假酒店', '海南', '海口', '市中心', '五指山路', '2', 142, '2.5', '4.8', 1281, 'hotel/hkltcsdjjd_picsmall.jpg', 'hotel/hkltcsdjjd_picbig.jpg', 110.357, 20.0311),
(22, '西安古都新世界大酒店', '陕西', '西安', '莲湖区', '莲湖路', '4', 327, '4.6', '4.6', 2993, 'hotel/xagdxsjdjd_picsmall.jpg', 'hotel/xagdxsjdjd_picbig.jpg', 108.938, 34.275),
(23, '西安皇城豪门酒店', '陕西', '西安', '碑林区', '东大街', '3', 399, '4.5', '4.8', 4462, 'hotel/xahchmjd_picsmall.jpg', 'hotel/xahchmjd_picbig.jpg', 108.962, 34.2657),
(24, '西安柠檬酒店', '陕西', '西安', '碑林区', '南广济街', '2', 258, '3.5', '5.0', 2472, 'hotel/xanmjd_picsmall.jpg', 'hotel/xanmjd_picbig.jpg', 108.945, 34.2595);

-- --------------------------------------------------------

--
-- 表的结构 `hotelpic`
--

CREATE TABLE `hotelpic` (
  `num` int(11) NOT NULL,
  `picbig` varchar(50) NOT NULL,
  `picsmall` varchar(50) NOT NULL
) ENGINE=InnoDB DEFAULT CHARSET=utf8;

--
-- 转存表中的数据 `hotelpic`
--

INSERT INTO `hotelpic` (`num`, `picbig`, `picsmall`) VALUES
(1, 'hotel/shwhylgjjd_picbig.jpg', 'hotel/shwhylgjjd_picsmall.jpg'),
(2, 'hotel/cdyjjd_picbig.jpg', 'hotel/cdyjjd_picsmall.jpg'),
(3, 'hotel/hzlzmdjd_picbig.jpg', 'hotel/hzlzmdjd_picsmall.jpg'),
(4, 'hotel/hnxywqdjd_picbig.jpg', 'hotel/hnxywqdjd_picsmall.jpg'),
(5, 'hotel/njxjydjd_picbig.jpg', 'hotel/njxjydjd_picsmall.jpg'),
(6, 'hotel/hkxedjd_picbig.jpg', 'hotel/hkxedjd_picsmall.jpg'),
(7, 'hotel/xahchmjd_picbig.jpg', 'hotel/xahchmjd_picsmall.jpg'),
(8, 'hotel/xanmjd_picbig.jpg', 'hotel/xanmjd_picsmall.jpg'),
(9, 'hotel/hzxyafd_picbig.jpg', 'hotel/hzxyafd_picsmall.jpg'),
(10, 'hotel/hkltcsdjjd_picbig.jpg', 'hotel/hkltcsdjjd_picsmall.jpg');

-- --------------------------------------------------------

--
-- 表的结构 `room`
--

CREATE TABLE `room` (
  `hotel_name` varchar(20) NOT NULL,
  `type` varchar(3) NOT NULL,
  `room_price` int(6) NOT NULL,
  `room_pic` varchar(30) DEFAULT NULL,
  `ravailable` int(6) DEFAULT NULL,
  `rtotal` int(6) DEFAULT NULL
) ENGINE=InnoDB DEFAULT CHARSET=utf8;

--
-- 转存表中的数据 `room`
--

INSERT INTO `room` (`hotel_name`, `type`, `room_price`, `room_pic`, `ravailable`, `rtotal`) VALUES
('上海万和亚隆国际酒店', '大床房', 368, 'hotel/shwhylgjjd_dcf.jpg', 3, 12),
('上海万和亚隆国际酒店', '标准间', 338, 'shwhylgjjd_bzj.jpg', 8, 12),
('上海世博展览馆万信酒店', '双床房', 350, 'hotel/shsbzlgwxjd_scf.jpg', 6, 12),
('上海世博展览馆万信酒店', '大床房', 350, 'hotel/shsbzlgwxjd_dcf.jpg', 5, 12),
('上海中福大酒店', '大床房', 443, 'hotel/shzfdjd_dcf.jpg', 0, 12),
('上海中福大酒店', '无窗房', 377, 'hotel/shzfdjd_wcf.jpg', 3, 8),
('上海中福大酒店', '豪华房', 514, 'hotel/shzfdjd_hhf.jpg', 5, 9),
('北京亚奥国际酒店', '双人间', 423, 'hotel/bjyagjjd_srj.jpg', 4, 12),
('北京亚奥国际酒店', '大床房', 296, 'hotel/bjyagjjd_dcf.jpg', 11, 12),
('北京机场快捷酒店', '双床房', 109, 'hotel/bjjckjjd_scf.jpg', 8, 12),
('北京机场快捷酒店', '大床房', 109, 'hotel/bjjckjjd_dcf.jpg', 8, 12),
('北京贝尔特酒店', '套房', 1209, 'hotel/bjbetjd_tf.jpg', 11, 12),
('北京贝尔特酒店', '客房', 504, 'hotel/bjbetjd_kf.jpg', 7, 12),
('南京世纪缘酒店', '大床房', 426, 'hotel/njsjyjd_dcf.jpg', 3, 12),
('南京新纪元大酒店', '单人间', 318, 'hotel/njxjydjd_bzj.jpg', 1, 12),
('南京新纪元大酒店', '大床房', 453, 'hotel/njxjydjd_dcf.jpg', 2, 12),
('南京新纪元大酒店', '标准件', 370, 'hotel/njxjydjd_bzj.jpg', 3, 12),
('南京金陵饭店', '双床房', 599, 'hotel/njjlfd_scf.jpg', 1, 12),
('南京金陵饭店', '大床房', 599, 'hotel/njjlfd_dcf.jpg', 9, 12),
('哈尔滨伯爵大酒店', '大床房', 349, 'hotel/hebbjdjd_dcf.jpg', 11, 12),
('哈尔滨伯爵大酒店', '标准间', 349, 'hotel/hebbjdjd_bzj.jpg', 1, 12),
('哈尔滨曼哈顿大酒店', '大床房', 210, 'hotel/hebmhddjd_dcf.jpg', 2, 12),
('哈尔滨曼哈顿大酒店', '标准间', 210, 'hotel/hebmhddjd_bzj.jpg', 12, 12),
('哈尔滨百祥宾馆', '大床房', 278, 'hotel/hebbxbg_dcf.jpg', 2, 12),
('哈尔滨百祥宾馆', '标准间', 274, 'hotel/hebbxbg_bzj.jpg', 1, 12),
('成都凯宾酒店', '双床房', 168, 'hotel/cdkbjd_scf.jpg', 7, 12),
('成都凯宾酒店', '大床房', 198, 'hotel/cdkbjd_dcf.jpg', 3, 12),
('成都森楠艺术酒店', '大床房', 250, 'hotel/cdsnysjd_dcf.jpg', 12, 12),
('成都森楠艺术酒店', '无窗房', 199, 'hotel/cdsnysjd_wcf.jpg', 9, 12),
('成都艺锦酒店', '双床房', 199, 'hotel/cdyjjd_scf.jpg', 12, 12),
('成都艺锦酒店', '大床房', 199, 'hotel/cdyjjd_dcf.jpg', 12, 12),
('杭州丽正门大酒店', '双标房', 292, 'hotel/hzlzmdjd_sbf.jpg', 3, 12),
('杭州丽正门大酒店', '大床房', 294, 'hotel/hzlzmdjd_dcf.jpg', 2, 12),
('杭州吴山品悦豪华精选酒店', '双床房', 523, 'hotel/hzwspyhhjxjd_scf.jpg', 9, 24),
('杭州吴山品悦豪华精选酒店', '大床房', 568, 'hotel/hzwspyhhjxjd_dcf.jpg', 12, 24),
('杭州新延安饭店', '大床房', 421, 'hotel/hzxyafd_dcf.jpg', 0, 10),
('杭州新延安饭店', '家庭房', 638, 'hotel/hzxyafd_jtf.jpg', 9, 9),
('杭州新延安饭店', '都市房', 308, 'hotel/hzxyafd_dsf.jpg', 8, 10),
('测试航空', '大床房', 500, NULL, NULL, NULL),
('测试航空', '标准间', 100, NULL, NULL, NULL),
('测试酒店', '大床房', 200, NULL, NULL, NULL),
('测试酒店', '标准间', 100, NULL, NULL, NULL),
('海南鑫源温泉大酒店', '双床房', 242, 'hotel/hnxywqdjd_scf.jpg', 3, 24),
('海南鑫源温泉大酒店', '大床房', 242, 'hotel/hnxywqdjd_dcf.jpg', 12, 24),
('海口希尔顿酒店', '客房', 857, 'hotel/hkxedjd_kf.jpg', 12, 12),
('海口希尔顿酒店', '海景房', 901, 'hotel/hkxedjd_hzf.jpg', 9, 24),
('海口蓝庭城市度假酒店', '大床房', 142, 'hotel/hkltcsdjjd_dcf.jpg', 12, 24),
('海口蓝庭城市度假酒店', '特价房', 146, 'hotel/hkltcsdjjd_tjf.jpg', 6, 24),
('西安古都新世界大酒店', '套房', 358, 'hotel/xagdxsjdjd_tf.jpg', 9, 12),
('西安古都新世界大酒店', '客房', 327, 'hotel/xagdxsjdjd_kf.jpg', 6, 12),
('西安柠檬酒店', '大床房', 260, 'hotel/xanmjd_dcf.jpg', 6, 12),
('西安柠檬酒店', '标准间', 258, 'hotel/xanmjd_bzj.jpg', 3, 12),
('西安皇城豪门酒店', '双床房', 436, 'hotel/xahchmjd_scf.jpg', 9, 12),
('西安皇城豪门酒店', '大床房', 399, 'hotel/xahchmjd_dcf.jpg', 3, 12),
('辣鸡酒店', '大床房', 200, NULL, NULL, NULL),
('辣鸡酒店', '标准间', 100, NULL, NULL, NULL);

--
-- Indexes for dumped tables
--

--
-- Indexes for table `admin`
--
ALTER TABLE `admin`
  ADD PRIMARY KEY (`admin_name`);

--
-- Indexes for table `class`
--
ALTER TABLE `class`
  ADD PRIMARY KEY (`flight_number`,`classrate`);

--
-- Indexes for table `comments`
--
ALTER TABLE `comments`
  ADD PRIMARY KEY (`hotel_name`,`comment`);

--
-- Indexes for table `flight`
--
ALTER TABLE `flight`
  ADD PRIMARY KEY (`flight_number`);

--
-- Indexes for table `hotel`
--
ALTER TABLE `hotel`
  ADD PRIMARY KEY (`h_id`);

--
-- Indexes for table `hotelpic`
--
ALTER TABLE `hotelpic`
  ADD PRIMARY KEY (`num`);

--
-- Indexes for table `room`
--
ALTER TABLE `room`
  ADD PRIMARY KEY (`hotel_name`,`type`);

--
-- 在导出的表使用AUTO_INCREMENT
--

--
-- 使用表AUTO_INCREMENT `hotel`
--
ALTER TABLE `hotel`
  MODIFY `h_id` int(11) NOT NULL AUTO_INCREMENT, AUTO_INCREMENT=39;
--
-- 使用表AUTO_INCREMENT `hotelpic`
--
ALTER TABLE `hotelpic`
  MODIFY `num` int(11) NOT NULL AUTO_INCREMENT, AUTO_INCREMENT=11;
/*!40101 SET CHARACTER_SET_CLIENT=@OLD_CHARACTER_SET_CLIENT */;
/*!40101 SET CHARACTER_SET_RESULTS=@OLD_CHARACTER_SET_RESULTS */;
/*!40101 SET COLLATION_CONNECTION=@OLD_COLLATION_CONNECTION */;
